onset	duration	sample	trial_type	response_time	stim_file	value
0.0000000000	n/a	n/a	STATUS	n/a	n/a	boundary
134.2280000000	n/a	n/a	Practice: filler trigger	n/a	n/a	S 99
134.6040000000	n/a	n/a	Practice: filler trigger	n/a	n/a	S 99
138.1880000000	n/a	n/a	STATUS	n/a	n/a	S149
138.6920000000	n/a	n/a	Practice: filler trigger	n/a	n/a	S 99
139.5300000000	n/a	n/a	Practice: filler trigger	n/a	n/a	S 99
140.0880000000	n/a	n/a	Practice: filler trigger	n/a	n/a	S 99
144.8140000000	n/a	n/a	STATUS	n/a	n/a	S149
145.2120000000	n/a	n/a	Practice: filler trigger	n/a	n/a	S 99
146.2080000000	n/a	n/a	Practice: filler trigger	n/a	n/a	S 99
146.5400000000	n/a	n/a	Practice: filler trigger	n/a	n/a	S 99
150.5700000000	n/a	n/a	STATUS	n/a	n/a	S149
150.9680000000	n/a	n/a	Practice: filler trigger	n/a	n/a	S 99
152.2480000000	n/a	n/a	Practice: filler trigger	n/a	n/a	S 99
152.5920000000	n/a	n/a	Practice: filler trigger	n/a	n/a	S 99
156.4080000000	n/a	n/a	STATUS	n/a	n/a	S149
156.7760000000	n/a	n/a	Practice: filler trigger	n/a	n/a	S 99
158.0520000000	n/a	n/a	Practice: filler trigger	n/a	n/a	S 99
158.3320000000	n/a	n/a	Practice: filler trigger	n/a	n/a	S 99
161.1560000000	n/a	n/a	STATUS	n/a	n/a	S149
161.8400000000	n/a	n/a	Practice: filler trigger	n/a	n/a	S 99
163.1540000000	n/a	n/a	Practice: filler trigger	n/a	n/a	S 99
163.6400000000	n/a	n/a	Practice: filler trigger	n/a	n/a	S 99
167.2640000000	n/a	n/a	STATUS	n/a	n/a	S149
167.6640000000	n/a	n/a	Practice: filler trigger	n/a	n/a	S 99
168.9420000000	n/a	n/a	Practice: filler trigger	n/a	n/a	S 99
169.4600000000	n/a	n/a	Practice: filler trigger	n/a	n/a	S 99
172.2460000000	n/a	n/a	STATUS	n/a	n/a	S149
172.9440000000	n/a	n/a	Practice: filler trigger	n/a	n/a	S 99
174.0580000000	n/a	n/a	Practice: filler trigger	n/a	n/a	S 99
174.4800000000	n/a	n/a	Practice: filler trigger	n/a	n/a	S 99
177.9520000000	n/a	n/a	STATUS	n/a	n/a	S149
178.3120000000	n/a	n/a	Practice: filler trigger	n/a	n/a	S 99
179.2760000000	n/a	n/a	Practice: filler trigger	n/a	n/a	S 99
179.8200000000	n/a	n/a	Practice: filler trigger	n/a	n/a	S 99
183.5880000000	n/a	n/a	STATUS	n/a	n/a	S149
184.0520000000	n/a	n/a	Practice: filler trigger	n/a	n/a	S 99
185.2340000000	n/a	n/a	Practice: filler trigger	n/a	n/a	S 99
185.8600000000	n/a	n/a	Practice: filler trigger	n/a	n/a	S 99
188.8400000000	n/a	n/a	STATUS	n/a	n/a	S149
189.4640000000	n/a	n/a	Practice: filler trigger	n/a	n/a	S 99
190.7200000000	n/a	n/a	Practice: filler trigger	n/a	n/a	S 99
191.2800000000	n/a	n/a	Practice: filler trigger	n/a	n/a	S 99
195.2500000000	n/a	n/a	STATUS	n/a	n/a	S149
195.6720000000	n/a	n/a	Practice: filler trigger	n/a	n/a	S 99
196.8440000000	n/a	n/a	Practice: filler trigger	n/a	n/a	S 99
197.2320000000	n/a	n/a	Practice: filler trigger	n/a	n/a	S 99
200.9540000000	n/a	n/a	STATUS	n/a	n/a	S149
201.3800000000	n/a	n/a	Practice: filler trigger	n/a	n/a	S 99
202.4480000000	n/a	n/a	Practice: filler trigger	n/a	n/a	S 99
203.2600000000	n/a	n/a	Practice: filler trigger	n/a	n/a	S 99
206.3240000000	n/a	n/a	STATUS	n/a	n/a	S149
206.6160000000	n/a	n/a	Practice: filler trigger	n/a	n/a	S 99
207.9160000000	n/a	n/a	Practice: filler trigger	n/a	n/a	S 99
208.3440000000	n/a	n/a	Practice: filler trigger	n/a	n/a	S 99
211.5080000000	n/a	n/a	STATUS	n/a	n/a	S149
211.8920000000	n/a	n/a	Practice: filler trigger	n/a	n/a	S 99
212.9000000000	n/a	n/a	Practice: filler trigger	n/a	n/a	S 99
213.3240000000	n/a	n/a	Practice: filler trigger	n/a	n/a	S 99
216.2060000000	n/a	n/a	STATUS	n/a	n/a	S149
216.6560000000	n/a	n/a	Practice: filler trigger	n/a	n/a	S 99
217.9000000000	n/a	n/a	Practice: filler trigger	n/a	n/a	S 99
218.4240000000	n/a	n/a	Practice: filler trigger	n/a	n/a	S 99
223.0500000000	n/a	n/a	STATUS	n/a	n/a	S149
223.5160000000	n/a	n/a	Practice: filler trigger	n/a	n/a	S 99
224.7120000000	n/a	n/a	Practice: filler trigger	n/a	n/a	S 99
225.1640000000	n/a	n/a	Practice: filler trigger	n/a	n/a	S 99
230.2480000000	n/a	n/a	STATUS	n/a	n/a	S149
230.7480000000	n/a	n/a	Practice: filler trigger	n/a	n/a	S 99
231.7080000000	n/a	n/a	Practice: filler trigger	n/a	n/a	S 99
232.2640000000	n/a	n/a	Practice: filler trigger	n/a	n/a	S 99
236.1880000000	n/a	n/a	STATUS	n/a	n/a	S149
236.9080000000	n/a	n/a	Practice: filler trigger	n/a	n/a	S 99
238.2180000000	n/a	n/a	Practice: filler trigger	n/a	n/a	S 99
238.8160000000	n/a	n/a	Practice: filler trigger	n/a	n/a	S 99
243.7040000000	n/a	n/a	STATUS	n/a	n/a	S149
244.1880000000	n/a	n/a	Practice: filler trigger	n/a	n/a	S 99
245.1640000000	n/a	n/a	Practice: filler trigger	n/a	n/a	S 99
245.6240000000	n/a	n/a	Practice: filler trigger	n/a	n/a	S 99
248.3520000000	n/a	n/a	STATUS	n/a	n/a	S149
248.9760000000	n/a	n/a	Practice: filler trigger	n/a	n/a	S 99
249.8460000000	n/a	n/a	Practice: filler trigger	n/a	n/a	S 99
250.4280000000	n/a	n/a	Practice: filler trigger	n/a	n/a	S 99
253.5200000000	n/a	n/a	STATUS	n/a	n/a	S149
253.9020000000	n/a	n/a	Practice: filler trigger	n/a	n/a	S 99
255.0640000000	n/a	n/a	Practice: filler trigger	n/a	n/a	S 99
255.4500000000	n/a	n/a	Practice: filler trigger	n/a	n/a	S 99
259.1740000000	n/a	n/a	STATUS	n/a	n/a	S149
259.5220000000	n/a	n/a	Practice: filler trigger	n/a	n/a	S 99
260.4320000000	n/a	n/a	Practice: filler trigger	n/a	n/a	S 99
260.9300000000	n/a	n/a	Practice: filler trigger	n/a	n/a	S 99
263.5520000000	n/a	n/a	STATUS	n/a	n/a	S149
263.9340000000	n/a	n/a	Practice: filler trigger	n/a	n/a	S 99
264.8440000000	n/a	n/a	Practice: filler trigger	n/a	n/a	S 99
265.2620000000	n/a	n/a	Practice: filler trigger	n/a	n/a	S 99
269.2920000000	n/a	n/a	STATUS	n/a	n/a	S149
270.0380000000	n/a	n/a	Practice: filler trigger	n/a	n/a	S 99
271.2880000000	n/a	n/a	Practice: filler trigger	n/a	n/a	S 99
271.7340000000	n/a	n/a	Practice: filler trigger	n/a	n/a	S 99
274.6100000000	n/a	n/a	STATUS	n/a	n/a	S149
275.2740000000	n/a	n/a	Practice: filler trigger	n/a	n/a	S 99
294.6760000000	n/a	n/a	CueAOnset	n/a	n/a	S  1
295.0860000000	n/a	n/a	Response: CueCorr	n/a	n/a	S 37
298.4000000000	n/a	n/a	Probe_aX_onset	n/a	n/a	S 51
298.8300000000	n/a	n/a	Response: Probe_Corr	n/a	n/a	S 43
299.8780000000	n/a	n/a	CueAOnset	n/a	n/a	S  1
300.3300000000	n/a	n/a	Response: CueCorr	n/a	n/a	S 37
303.5520000000	n/a	n/a	Probe_aX_onset	n/a	n/a	S 51
304.1740000000	n/a	n/a	Response: Probe_Corr	n/a	n/a	S 43
305.4140000000	n/a	n/a	CueAOnset	n/a	n/a	S  1
305.8220000000	n/a	n/a	Response: CueCorr	n/a	n/a	S 37
310.8000000000	n/a	n/a	Probe_aX_onset	n/a	n/a	S 51
311.2140000000	n/a	n/a	Response: Probe_Corr	n/a	n/a	S 43
312.5440000000	n/a	n/a	CueAOnset	n/a	n/a	S  1
312.8580000000	n/a	n/a	Response: CueCorr	n/a	n/a	S 37
317.3260000000	n/a	n/a	Probe_aX_onset	n/a	n/a	S 51
317.9420000000	n/a	n/a	Response: Probe_Corr	n/a	n/a	S 43
318.8020000000	n/a	n/a	CueAOnset	n/a	n/a	S  1
319.5300000000	n/a	n/a	Response: CueCorr	n/a	n/a	S 37
322.7460000000	n/a	n/a	Probe_aX_onset	n/a	n/a	S 51
323.2260000000	n/a	n/a	Response: Probe_Corr	n/a	n/a	S 43
324.2900000000	n/a	n/a	CueAOnset	n/a	n/a	S  6
324.8540000000	n/a	n/a	Response: CueCorr	n/a	n/a	S 37
327.9640000000	n/a	n/a	Probe_aY_onset	n/a	n/a	S 56
328.7780000000	n/a	n/a	Response: Probe_Corr	n/a	n/a	S 41
330.0100000000	n/a	n/a	CueAOnset	n/a	n/a	S  1
333.2320000000	n/a	n/a	Feedback: CueNoResp	n/a	n/a	S 40
336.3700000000	n/a	n/a	Probe_aX_onset	n/a	n/a	S 51
336.8900000000	n/a	n/a	Response: Probe_Corr	n/a	n/a	S 43
338.1480000000	n/a	n/a	CueAOnset	n/a	n/a	S  1
338.6180000000	n/a	n/a	Response: CueCorr	n/a	n/a	S 37
342.5940000000	n/a	n/a	Probe_aX_onset	n/a	n/a	S 51
343.1300000000	n/a	n/a	Response: Probe_Corr	n/a	n/a	S 43
344.1380000000	n/a	n/a	CueAOnset	n/a	n/a	S  1
344.5900000000	n/a	n/a	Response: CueCorr	n/a	n/a	S 37
348.0640000000	n/a	n/a	Probe_aX_onset	n/a	n/a	S 51
348.7740000000	n/a	n/a	Response: Probe_Corr	n/a	n/a	S 43
349.9420000000	n/a	n/a	CueAOnset	n/a	n/a	S  1
350.3420000000	n/a	n/a	Response: CueCorr	n/a	n/a	S 37
353.1820000000	n/a	n/a	Probe_aX_onset	n/a	n/a	S 51
353.5900000000	n/a	n/a	Response: Probe_Corr	n/a	n/a	S 43
354.7740000000	n/a	n/a	CueAOnset	n/a	n/a	S  1
355.1180000000	n/a	n/a	Response: CueCorr	n/a	n/a	S 37
359.8920000000	n/a	n/a	Probe_aX_onset	n/a	n/a	S 51
360.6460000000	n/a	n/a	Response: Probe_Corr	n/a	n/a	S 43
361.7540000000	n/a	n/a	STATUS	n/a	n/a	S 19
362.5460000000	n/a	n/a	Response: CueCorr	n/a	n/a	S 37
365.1780000000	n/a	n/a	STATUS	n/a	n/a	S 69
365.7140000000	n/a	n/a	Response: Probe_Corr	n/a	n/a	S 41
366.7540000000	n/a	n/a	CueBOnset	n/a	n/a	S  8
367.3860000000	n/a	n/a	Response: CueCorr	n/a	n/a	S 37
370.9660000000	n/a	n/a	STATUS	n/a	n/a	S 58
371.3460000000	n/a	n/a	Response: Probe_Corr	n/a	n/a	S 41
372.5420000000	n/a	n/a	CueAOnset	n/a	n/a	S  1
372.9340000000	n/a	n/a	Response: CueCorr	n/a	n/a	S 37
376.4520000000	n/a	n/a	Probe_aX_onset	n/a	n/a	S 51
376.9580000000	n/a	n/a	Response: Probe_Corr	n/a	n/a	S 43
377.9960000000	n/a	n/a	CueAOnset	n/a	n/a	S  1
378.4780000000	n/a	n/a	Response: CueCorr	n/a	n/a	S 37
383.0120000000	n/a	n/a	Probe_aX_onset	n/a	n/a	S 51
383.3900000000	n/a	n/a	Response: Probe_Corr	n/a	n/a	S 43
384.7060000000	n/a	n/a	CueAOnset	n/a	n/a	S  1
384.9780000000	n/a	n/a	Response: CueCorr	n/a	n/a	S 37
389.4040000000	n/a	n/a	Probe_aX_onset	n/a	n/a	S 51
389.8620000000	n/a	n/a	Response: Probe_Corr	n/a	n/a	S 43
390.8300000000	n/a	n/a	CueAOnset	n/a	n/a	S  1
391.1840000000	n/a	n/a	Response: CueCorr	n/a	n/a	S 37
396.0660000000	n/a	n/a	Probe_aX_onset	n/a	n/a	S 51
396.5360000000	n/a	n/a	Response: Probe_Corr	n/a	n/a	S 43
397.5080000000	n/a	n/a	CueAOnset	n/a	n/a	S  1
397.8880000000	n/a	n/a	Response: CueCorr	n/a	n/a	S 37
402.5080000000	n/a	n/a	Probe_aX_onset	n/a	n/a	S 51
403.1480000000	n/a	n/a	Response: Probe_Corr	n/a	n/a	S 43
404.0520000000	n/a	n/a	CueBOnset	n/a	n/a	S  8
404.6600000000	n/a	n/a	Response: CueCorr	n/a	n/a	S 37
408.1300000000	n/a	n/a	STATUS	n/a	n/a	S 58
408.7120000000	n/a	n/a	Response: Probe_Corr	n/a	n/a	S 41
409.9420000000	n/a	n/a	CueAOnset	n/a	n/a	S  1
410.4760000000	n/a	n/a	Response: CueCorr	n/a	n/a	S 37
414.9400000000	n/a	n/a	Probe_aX_onset	n/a	n/a	S 51
415.6680000000	n/a	n/a	Response: Probe_Corr	n/a	n/a	S 43
416.6360000000	n/a	n/a	STATUS	n/a	n/a	S 31
417.2800000000	n/a	n/a	Response: CueCorr	n/a	n/a	S 37
420.5440000000	n/a	n/a	STATUS	n/a	n/a	S 81
420.9760000000	n/a	n/a	Response: Probe_Corr	n/a	n/a	S 41
422.0720000000	n/a	n/a	CueAOnset	n/a	n/a	S  1
422.6840000000	n/a	n/a	Response: CueCorr	n/a	n/a	S 37
427.5080000000	n/a	n/a	Probe_aX_onset	n/a	n/a	S 51
427.9000000000	n/a	n/a	Response: Probe_Corr	n/a	n/a	S 43
429.2180000000	n/a	n/a	CueAOnset	n/a	n/a	S  1
429.5760000000	n/a	n/a	Response: CueCorr	n/a	n/a	S 37
434.6040000000	n/a	n/a	Probe_aX_onset	n/a	n/a	S 51
435.0000000000	n/a	n/a	Response: Probe_Corr	n/a	n/a	S 43
436.3000000000	n/a	n/a	CueAOnset	n/a	n/a	S  1
436.7760000000	n/a	n/a	Response: CueCorr	n/a	n/a	S 37
441.1980000000	n/a	n/a	Probe_aX_onset	n/a	n/a	S 51
441.6080000000	n/a	n/a	Response: Probe_Corr	n/a	n/a	S 43
442.9100000000	n/a	n/a	CueAOnset	n/a	n/a	S  1
443.3960000000	n/a	n/a	Response: CueCorr	n/a	n/a	S 37
448.3300000000	n/a	n/a	Probe_aX_onset	n/a	n/a	S 51
449.0680000000	n/a	n/a	Response: Probe_Corr	n/a	n/a	S 43
450.1920000000	n/a	n/a	CueBOnset	n/a	n/a	S  7
450.5520000000	n/a	n/a	Response: CueCorr	n/a	n/a	S 37
455.3260000000	n/a	n/a	Probe_bY_onset	n/a	n/a	S 57
458.5980000000	n/a	n/a	Feedback: ProbeNoResp	n/a	n/a	S 46
460.1920000000	n/a	n/a	CueAOnset	n/a	n/a	S  1
463.0260000000	n/a	n/a	Feedback: CueNoResp	n/a	n/a	S 40
466.5160000000	n/a	n/a	Probe_aX_onset	n/a	n/a	S 51
466.9280000000	n/a	n/a	Response: Probe_Corr	n/a	n/a	S 43
468.1780000000	n/a	n/a	CueAOnset	n/a	n/a	S  1
468.5640000000	n/a	n/a	Response: CueCorr	n/a	n/a	S 37
472.8420000000	n/a	n/a	Probe_aX_onset	n/a	n/a	S 51
473.2360000000	n/a	n/a	Response: Probe_Corr	n/a	n/a	S 43
474.4700000000	n/a	n/a	CueAOnset	n/a	n/a	S  2
474.8600000000	n/a	n/a	Response: CueCorr	n/a	n/a	S 37
477.4900000000	n/a	n/a	Probe_aY_onset	n/a	n/a	S 52
478.2280000000	n/a	n/a	Response: Probe_Corr	n/a	n/a	S 41
479.1000000000	n/a	n/a	CueAOnset	n/a	n/a	S  1
479.5280000000	n/a	n/a	Response: CueCorr	n/a	n/a	S 37
484.5020000000	n/a	n/a	Probe_aX_onset	n/a	n/a	S 51
485.0560000000	n/a	n/a	Response: Probe_Corr	n/a	n/a	S 43
486.1980000000	n/a	n/a	CueAOnset	n/a	n/a	S  1
486.5960000000	n/a	n/a	Response: CueCorr	n/a	n/a	S 37
489.5360000000	n/a	n/a	Probe_aX_onset	n/a	n/a	S 51
490.1360000000	n/a	n/a	Response: Probe_Corr	n/a	n/a	S 43
491.0960000000	n/a	n/a	STATUS	n/a	n/a	S 33
492.0760000000	n/a	n/a	Response: CueCorr	n/a	n/a	S 37
495.8940000000	n/a	n/a	Probe_bY_onset	n/a	n/a	S 83
496.1400000000	n/a	n/a	Response: Probe_Corr	n/a	n/a	S 41
497.0020000000	n/a	n/a	CueAOnset	n/a	n/a	S  1
497.4120000000	n/a	n/a	Response: CueCorr	n/a	n/a	S 37
500.4260000000	n/a	n/a	Probe_aX_onset	n/a	n/a	S 51
500.9760000000	n/a	n/a	Response: Probe_Corr	n/a	n/a	S 43
502.2540000000	n/a	n/a	CueAOnset	n/a	n/a	S  1
502.6440000000	n/a	n/a	Response: CueCorr	n/a	n/a	S 37
507.2200000000	n/a	n/a	Probe_aX_onset	n/a	n/a	S 51
507.8760000000	n/a	n/a	Response: Probe_Corr	n/a	n/a	S 43
508.9820000000	n/a	n/a	CueAOnset	n/a	n/a	S  1
509.4040000000	n/a	n/a	Response: CueCorr	n/a	n/a	S 37
512.4880000000	n/a	n/a	Probe_aX_onset	n/a	n/a	S 51
513.2080000000	n/a	n/a	Response: Probe_Corr	n/a	n/a	S 43
514.4000000000	n/a	n/a	CueAOnset	n/a	n/a	S  1
514.9160000000	n/a	n/a	Response: CueCorr	n/a	n/a	S 37
518.1920000000	n/a	n/a	Probe_aX_onset	n/a	n/a	S 51
518.7800000000	n/a	n/a	Response: Probe_Corr	n/a	n/a	S 43
520.0380000000	n/a	n/a	CueAOnset	n/a	n/a	S  1
521.5720000000	n/a	n/a	Response: CueCorr	n/a	n/a	S 37
526.3480000000	n/a	n/a	Probe_aX_onset	n/a	n/a	S 51
526.9200000000	n/a	n/a	Response: Probe_Corr	n/a	n/a	S 43
527.7900000000	n/a	n/a	CueAOnset	n/a	n/a	S  1
528.1920000000	n/a	n/a	Response: CueCorr	n/a	n/a	S 37
532.0680000000	n/a	n/a	Probe_aX_onset	n/a	n/a	S 51
532.6340000000	n/a	n/a	Response: Probe_Corr	n/a	n/a	S 43
533.9140000000	n/a	n/a	CueAOnset	n/a	n/a	S  1
534.2940000000	n/a	n/a	Response: CueCorr	n/a	n/a	S 37
537.7060000000	n/a	n/a	Probe_aX_onset	n/a	n/a	S 51
538.2420000000	n/a	n/a	Response: Probe_Corr	n/a	n/a	S 43
539.2820000000	n/a	n/a	CueAOnset	n/a	n/a	S  1
539.7460000000	n/a	n/a	Response: CueCorr	n/a	n/a	S 37
542.6220000000	n/a	n/a	Probe_aX_onset	n/a	n/a	S 51
543.1100000000	n/a	n/a	Response: Probe_Corr	n/a	n/a	S 43
544.3500000000	n/a	n/a	CueAOnset	n/a	n/a	S  6
544.8700000000	n/a	n/a	Response: CueCorr	n/a	n/a	S 37
547.9580000000	n/a	n/a	Probe_aY_onset	n/a	n/a	S 56
548.6620000000	n/a	n/a	Response: Probe_Corr	n/a	n/a	S 41
549.9040000000	n/a	n/a	CueAOnset	n/a	n/a	S  1
550.3100000000	n/a	n/a	Response: CueCorr	n/a	n/a	S 37
553.2420000000	n/a	n/a	Probe_aX_onset	n/a	n/a	S 51
553.6940000000	n/a	n/a	Response: Probe_Incorr	n/a	n/a	S 42
554.8200000000	n/a	n/a	Feedback: ProbeErr	n/a	n/a	S 45
556.5980000000	n/a	n/a	CueAOnset	n/a	n/a	S  1
557.0780000000	n/a	n/a	Response: CueCorr	n/a	n/a	S 37
562.1520000000	n/a	n/a	Probe_aX_onset	n/a	n/a	S 51
562.5220000000	n/a	n/a	Response: Probe_Corr	n/a	n/a	S 43
563.8460000000	n/a	n/a	CueAOnset	n/a	n/a	S  2
564.4020000000	n/a	n/a	Response: CueCorr	n/a	n/a	S 37
569.0300000000	n/a	n/a	Probe_aY_onset	n/a	n/a	S 52
569.6540000000	n/a	n/a	Response: Probe_Corr	n/a	n/a	S 41
570.5900000000	n/a	n/a	CueAOnset	n/a	n/a	S  1
571.0740000000	n/a	n/a	Response: CueCorr	n/a	n/a	S 37
575.4560000000	n/a	n/a	Probe_aX_onset	n/a	n/a	S 51
576.2540000000	n/a	n/a	Response: Probe_Corr	n/a	n/a	S 43
577.4200000000	n/a	n/a	CueAOnset	n/a	n/a	S  1
577.9980000000	n/a	n/a	Response: CueCorr	n/a	n/a	S 37
580.5740000000	n/a	n/a	Probe_aX_onset	n/a	n/a	S 51
582.1140000000	n/a	n/a	Response: Probe_Corr	n/a	n/a	S 43
583.3580000000	n/a	n/a	STATUS	n/a	n/a	S 19
584.0700000000	n/a	n/a	Response: CueCorr	n/a	n/a	S 37
587.8880000000	n/a	n/a	STATUS	n/a	n/a	S 69
588.2260000000	n/a	n/a	Response: Probe_Corr	n/a	n/a	S 41
589.0800000000	n/a	n/a	CueAOnset	n/a	n/a	S  1
589.5260000000	n/a	n/a	Response: CueCorr	n/a	n/a	S 37
592.1500000000	n/a	n/a	Probe_aX_onset	n/a	n/a	S 51
592.6580000000	n/a	n/a	Response: Probe_Corr	n/a	n/a	S 43
593.7780000000	n/a	n/a	CueAOnset	n/a	n/a	S  1
594.5900000000	n/a	n/a	Response: CueCorr	n/a	n/a	S 37
598.6100000000	n/a	n/a	Probe_aX_onset	n/a	n/a	S 51
599.0740000000	n/a	n/a	Response: Probe_Corr	n/a	n/a	S 43
600.3540000000	n/a	n/a	CueAOnset	n/a	n/a	S  1
600.8060000000	n/a	n/a	Response: CueCorr	n/a	n/a	S 37
605.5400000000	n/a	n/a	Probe_aX_onset	n/a	n/a	S 51
605.8940000000	n/a	n/a	Response: Probe_Corr	n/a	n/a	S 43
613.6760000000	n/a	n/a	STATUS	n/a	n/a	S 13
614.4460000000	n/a	n/a	Response: CueCorr	n/a	n/a	S 37
619.0280000000	n/a	n/a	Probe_bY_onset	n/a	n/a	S 63
619.3780000000	n/a	n/a	Response: Probe_Corr	n/a	n/a	S 41
620.2540000000	n/a	n/a	CueAOnset	n/a	n/a	S  1
620.7220000000	n/a	n/a	Response: CueCorr	n/a	n/a	S 37
625.7060000000	n/a	n/a	Probe_aX_onset	n/a	n/a	S 51
626.2340000000	n/a	n/a	Response: Probe_Corr	n/a	n/a	S 43
627.2000000000	n/a	n/a	CueAOnset	n/a	n/a	S  1
627.6620000000	n/a	n/a	Response: CueCorr	n/a	n/a	S 37
632.5860000000	n/a	n/a	Probe_aX_onset	n/a	n/a	S 51
632.9100000000	n/a	n/a	Response: Probe_Corr	n/a	n/a	S 43
633.8780000000	n/a	n/a	CueAOnset	n/a	n/a	S  1
635.0900000000	n/a	n/a	Response: CueCorr	n/a	n/a	S 37
640.0680000000	n/a	n/a	Probe_aX_onset	n/a	n/a	S 51
640.8100000000	n/a	n/a	Response: Probe_Corr	n/a	n/a	S 43
641.7460000000	n/a	n/a	CueAOnset	n/a	n/a	S  4
643.0460000000	n/a	n/a	Response: CueCorr	n/a	n/a	S 37
647.0140000000	n/a	n/a	Probe_aY_onset	n/a	n/a	S 54
647.8340000000	n/a	n/a	Response: Probe_Corr	n/a	n/a	S 41
648.8100000000	n/a	n/a	CueAOnset	n/a	n/a	S  1
649.2820000000	n/a	n/a	Response: CueCorr	n/a	n/a	S 37
652.4500000000	n/a	n/a	Probe_aX_onset	n/a	n/a	S 51
652.8340000000	n/a	n/a	Response: Probe_Corr	n/a	n/a	S 43
653.9940000000	n/a	n/a	CueAOnset	n/a	n/a	S  1
654.4780000000	n/a	n/a	Response: CueCorr	n/a	n/a	S 37
659.0620000000	n/a	n/a	Probe_aX_onset	n/a	n/a	S 51
659.5940000000	n/a	n/a	Response: Probe_Corr	n/a	n/a	S 43
660.4200000000	n/a	n/a	CueAOnset	n/a	n/a	S  6
660.7540000000	n/a	n/a	Response: CueCorr	n/a	n/a	S 37
664.2800000000	n/a	n/a	Probe_aY_onset	n/a	n/a	S 56
665.2420000000	n/a	n/a	Response: Probe_Corr	n/a	n/a	S 41
666.0580000000	n/a	n/a	STATUS	n/a	n/a	S 19
666.6740000000	n/a	n/a	Response: CueCorr	n/a	n/a	S 37
669.4640000000	n/a	n/a	STATUS	n/a	n/a	S 69
670.1760000000	n/a	n/a	Response: Probe_Incorr	n/a	n/a	S 44
671.3260000000	n/a	n/a	Feedback: ProbeErr	n/a	n/a	S 45
672.8360000000	n/a	n/a	CueAOnset	n/a	n/a	S  1
673.3400000000	n/a	n/a	Response: CueCorr	n/a	n/a	S 37
677.4660000000	n/a	n/a	Probe_aX_onset	n/a	n/a	S 51
678.2400000000	n/a	n/a	Response: Probe_Corr	n/a	n/a	S 43
679.0600000000	n/a	n/a	CueAOnset	n/a	n/a	S  6
679.6000000000	n/a	n/a	Response: CueCorr	n/a	n/a	S 37
682.7680000000	n/a	n/a	Probe_aY_onset	n/a	n/a	S 56
683.9160000000	n/a	n/a	Response: Probe_Corr	n/a	n/a	S 41
684.8320000000	n/a	n/a	CueAOnset	n/a	n/a	S  1
685.3640000000	n/a	n/a	Response: CueCorr	n/a	n/a	S 37
689.9500000000	n/a	n/a	Probe_aX_onset	n/a	n/a	S 51
690.4640000000	n/a	n/a	Response: Probe_Corr	n/a	n/a	S 43
691.3420000000	n/a	n/a	STATUS	n/a	n/a	S 32
692.1040000000	n/a	n/a	Response: CueCorr	n/a	n/a	S 37
696.0740000000	n/a	n/a	Probe_bY_onset	n/a	n/a	S 82
696.4840000000	n/a	n/a	Response: Probe_Corr	n/a	n/a	S 41
697.3320000000	n/a	n/a	CueAOnset	n/a	n/a	S  1
697.9040000000	n/a	n/a	Response: CueCorr	n/a	n/a	S 37
702.0800000000	n/a	n/a	Probe_aX_onset	n/a	n/a	S 51
702.6400000000	n/a	n/a	Response: Probe_Corr	n/a	n/a	S 43
703.7580000000	n/a	n/a	CueAOnset	n/a	n/a	S  1
704.1320000000	n/a	n/a	Response: CueCorr	n/a	n/a	S 37
707.9520000000	n/a	n/a	Probe_aX_onset	n/a	n/a	S 51
708.3520000000	n/a	n/a	Response: Probe_Corr	n/a	n/a	S 43
709.3780000000	n/a	n/a	CueAOnset	n/a	n/a	S  1
709.7880000000	n/a	n/a	Response: CueCorr	n/a	n/a	S 37
712.9520000000	n/a	n/a	Probe_aX_onset	n/a	n/a	S 51
713.6400000000	n/a	n/a	Response: Probe_Corr	n/a	n/a	S 43
714.7140000000	n/a	n/a	STATUS	n/a	n/a	S 19
715.5400000000	n/a	n/a	Response: CueCorr	n/a	n/a	S 37
719.8640000000	n/a	n/a	STATUS	n/a	n/a	S 69
722.9520000000	n/a	n/a	Feedback: ProbeNoResp	n/a	n/a	S 46
724.5300000000	n/a	n/a	CueAOnset	n/a	n/a	S  1
727.8180000000	n/a	n/a	Feedback: CueNoResp	n/a	n/a	S 40
732.4480000000	n/a	n/a	Probe_aX_onset	n/a	n/a	S 51
733.3120000000	n/a	n/a	Response: Probe_Corr	n/a	n/a	S 43
734.2600000000	n/a	n/a	CueAOnset	n/a	n/a	S  1
734.6960000000	n/a	n/a	Response: CueCorr	n/a	n/a	S 37
737.8680000000	n/a	n/a	Probe_aX_onset	n/a	n/a	S 51
738.4000000000	n/a	n/a	Response: Probe_Corr	n/a	n/a	S 43
739.7300000000	n/a	n/a	CueAOnset	n/a	n/a	S  1
740.1520000000	n/a	n/a	Response: CueCorr	n/a	n/a	S 37
744.0760000000	n/a	n/a	Probe_aX_onset	n/a	n/a	S 51
744.4720000000	n/a	n/a	Response: Probe_Corr	n/a	n/a	S 43
745.5520000000	n/a	n/a	CueAOnset	n/a	n/a	S  1
745.9040000000	n/a	n/a	Response: CueCorr	n/a	n/a	S 37
750.6360000000	n/a	n/a	Probe_aX_onset	n/a	n/a	S 51
751.0080000000	n/a	n/a	Response: Probe_Corr	n/a	n/a	S 43
752.0120000000	n/a	n/a	CueAOnset	n/a	n/a	S  1
752.4400000000	n/a	n/a	Response: CueCorr	n/a	n/a	S 37
755.6020000000	n/a	n/a	Probe_aX_onset	n/a	n/a	S 51
756.1120000000	n/a	n/a	Response: Probe_Corr	n/a	n/a	S 43
757.2300000000	n/a	n/a	CueAOnset	n/a	n/a	S  1
757.8000000000	n/a	n/a	Response: CueCorr	n/a	n/a	S 37
761.1220000000	n/a	n/a	Probe_aX_onset	n/a	n/a	S 51
761.4600000000	n/a	n/a	Response: Probe_Corr	n/a	n/a	S 43
762.6320000000	n/a	n/a	CueAOnset	n/a	n/a	S  1
763.0840000000	n/a	n/a	Response: CueCorr	n/a	n/a	S 37
767.3640000000	n/a	n/a	Probe_aX_onset	n/a	n/a	S 51
767.9040000000	n/a	n/a	Response: Probe_Corr	n/a	n/a	S 43
768.8560000000	n/a	n/a	STATUS	n/a	n/a	S 13
769.5520000000	n/a	n/a	Response: CueCorr	n/a	n/a	S 37
772.3800000000	n/a	n/a	Probe_bY_onset	n/a	n/a	S 63
773.1720000000	n/a	n/a	Response: Probe_Corr	n/a	n/a	S 41
774.4100000000	n/a	n/a	CueAOnset	n/a	n/a	S  1
774.9160000000	n/a	n/a	Response: CueCorr	n/a	n/a	S 37
779.0400000000	n/a	n/a	Probe_aX_onset	n/a	n/a	S 51
779.5280000000	n/a	n/a	Response: Probe_Corr	n/a	n/a	S 43
780.6180000000	n/a	n/a	STATUS	n/a	n/a	S 19
781.4240000000	n/a	n/a	Response: CueCorr	n/a	n/a	S 37
785.1480000000	n/a	n/a	STATUS	n/a	n/a	S 69
785.4520000000	n/a	n/a	Response: Probe_Corr	n/a	n/a	S 41
786.7760000000	n/a	n/a	CueAOnset	n/a	n/a	S  1
787.2360000000	n/a	n/a	Response: CueCorr	n/a	n/a	S 37
791.0540000000	n/a	n/a	Probe_aX_onset	n/a	n/a	S 51
791.6040000000	n/a	n/a	Response: Probe_Corr	n/a	n/a	S 43
792.6640000000	n/a	n/a	CueAOnset	n/a	n/a	S  2
793.1880000000	n/a	n/a	Response: CueCorr	n/a	n/a	S 37
797.5140000000	n/a	n/a	Probe_aY_onset	n/a	n/a	S 52
798.0960000000	n/a	n/a	Response: Probe_Corr	n/a	n/a	S 41
799.1400000000	n/a	n/a	CueAOnset	n/a	n/a	S  5
799.4920000000	n/a	n/a	Response: CueCorr	n/a	n/a	S 37
802.8660000000	n/a	n/a	Probe_aY_onset	n/a	n/a	S 55
803.7640000000	n/a	n/a	Response: Probe_Corr	n/a	n/a	S 41
804.9300000000	n/a	n/a	CueAOnset	n/a	n/a	S  1
805.3920000000	n/a	n/a	Response: CueCorr	n/a	n/a	S 37
808.9060000000	n/a	n/a	Probe_aX_onset	n/a	n/a	S 51
809.7220000000	n/a	n/a	Response: Probe_Corr	n/a	n/a	S 43
810.9360000000	n/a	n/a	STATUS	n/a	n/a	S 19
811.6980000000	n/a	n/a	Response: CueCorr	n/a	n/a	S 37
814.9620000000	n/a	n/a	STATUS	n/a	n/a	S 69
815.4460000000	n/a	n/a	Response: Probe_Corr	n/a	n/a	S 41
816.3380000000	n/a	n/a	CueAOnset	n/a	n/a	S  1
816.8140000000	n/a	n/a	Response: CueCorr	n/a	n/a	S 37
821.7920000000	n/a	n/a	Probe_aX_onset	n/a	n/a	S 51
822.5740000000	n/a	n/a	Response: Probe_Corr	n/a	n/a	S 43
823.8880000000	n/a	n/a	CueAOnset	n/a	n/a	S  1
824.7940000000	n/a	n/a	Response: CueCorr	n/a	n/a	S 37
829.5260000000	n/a	n/a	Probe_aX_onset	n/a	n/a	S 51
829.8940000000	n/a	n/a	Response: Probe_Corr	n/a	n/a	S 43
830.8520000000	n/a	n/a	CueAOnset	n/a	n/a	S  1
831.3300000000	n/a	n/a	Response: CueCorr	n/a	n/a	S 37
834.8440000000	n/a	n/a	Probe_aX_onset	n/a	n/a	S 51
835.9140000000	n/a	n/a	Response: Probe_Corr	n/a	n/a	S 43
836.9580000000	n/a	n/a	CueBOnset	n/a	n/a	S 10
837.6820000000	n/a	n/a	Response: CueCorr	n/a	n/a	S 37
841.8580000000	n/a	n/a	Probe_bY_onset	n/a	n/a	S 60
842.1860000000	n/a	n/a	Response: Probe_Corr	n/a	n/a	S 41
843.2340000000	n/a	n/a	STATUS	n/a	n/a	S 13
843.6620000000	n/a	n/a	Response: CueCorr	n/a	n/a	S 37
846.8240000000	n/a	n/a	Probe_bY_onset	n/a	n/a	S 63
847.2460000000	n/a	n/a	Response: Probe_Corr	n/a	n/a	S 41
848.3500000000	n/a	n/a	CueAOnset	n/a	n/a	S  3
848.8620000000	n/a	n/a	Response: CueCorr	n/a	n/a	S 37
852.4780000000	n/a	n/a	Probe_aY_onset	n/a	n/a	S 53
852.9700000000	n/a	n/a	Response: Probe_Incorr	n/a	n/a	S 44
854.1720000000	n/a	n/a	Feedback: ProbeErr	n/a	n/a	S 45
855.9180000000	n/a	n/a	CueAOnset	n/a	n/a	S  1
856.3420000000	n/a	n/a	Response: CueCorr	n/a	n/a	S 37
860.5140000000	n/a	n/a	Probe_aX_onset	n/a	n/a	S 51
861.0220000000	n/a	n/a	Response: Probe_Corr	n/a	n/a	S 43
861.8400000000	n/a	n/a	CueAOnset	n/a	n/a	S  1
862.3500000000	n/a	n/a	Response: CueCorr	n/a	n/a	S 37
865.0780000000	n/a	n/a	Probe_aX_onset	n/a	n/a	S 51
865.7140000000	n/a	n/a	Response: Probe_Corr	n/a	n/a	S 43
866.6720000000	n/a	n/a	CueAOnset	n/a	n/a	S  1
867.1500000000	n/a	n/a	Response: CueCorr	n/a	n/a	S 37
871.1180000000	n/a	n/a	Probe_aX_onset	n/a	n/a	S 51
871.8220000000	n/a	n/a	Response: Probe_Corr	n/a	n/a	S 43
872.9640000000	n/a	n/a	CueAOnset	n/a	n/a	S  1
873.5060000000	n/a	n/a	Response: CueCorr	n/a	n/a	S 37
876.4380000000	n/a	n/a	Probe_aX_onset	n/a	n/a	S 51
878.2820000000	n/a	n/a	Response: Probe_Corr	n/a	n/a	S 43
879.1720000000	n/a	n/a	CueAOnset	n/a	n/a	S  1
879.5780000000	n/a	n/a	Response: CueCorr	n/a	n/a	S 37
884.0540000000	n/a	n/a	Probe_aX_onset	n/a	n/a	S 51
885.0460000000	n/a	n/a	Response: Probe_Corr	n/a	n/a	S 43
886.2700000000	n/a	n/a	CueBOnset	n/a	n/a	S 12
886.7380000000	n/a	n/a	Response: CueCorr	n/a	n/a	S 37
891.1180000000	n/a	n/a	STATUS	n/a	n/a	S 62
891.6060000000	n/a	n/a	Response: Probe_Corr	n/a	n/a	S 41
892.7620000000	n/a	n/a	CueAOnset	n/a	n/a	S  1
893.1860000000	n/a	n/a	Response: CueCorr	n/a	n/a	S 37
896.1180000000	n/a	n/a	Probe_aX_onset	n/a	n/a	S 51
896.7980000000	n/a	n/a	Response: Probe_Corr	n/a	n/a	S 43
897.7960000000	n/a	n/a	CueAOnset	n/a	n/a	S  1
898.2460000000	n/a	n/a	Response: CueCorr	n/a	n/a	S 37
901.1840000000	n/a	n/a	Probe_aX_onset	n/a	n/a	S 51
901.6500000000	n/a	n/a	Response: Probe_Corr	n/a	n/a	S 43
902.8960000000	n/a	n/a	CueAOnset	n/a	n/a	S  1
903.2780000000	n/a	n/a	Response: CueCorr	n/a	n/a	S 37
907.8120000000	n/a	n/a	Probe_aX_onset	n/a	n/a	S 51
908.2180000000	n/a	n/a	Response: Probe_Corr	n/a	n/a	S 43
909.4220000000	n/a	n/a	STATUS	n/a	n/a	S 29
910.2260000000	n/a	n/a	Response: CueIncorr	n/a	n/a	S 38
911.5200000000	n/a	n/a	Feedback: CueErr	n/a	n/a	S 39
916.9560000000	n/a	n/a	Probe_bY_onset	n/a	n/a	S 79
917.4540000000	n/a	n/a	Response: Probe_Corr	n/a	n/a	S 41
918.4320000000	n/a	n/a	CueAOnset	n/a	n/a	S  1
918.8260000000	n/a	n/a	Response: CueCorr	n/a	n/a	S 37
923.8520000000	n/a	n/a	Probe_aX_onset	n/a	n/a	S 51
924.2300000000	n/a	n/a	Response: Probe_Corr	n/a	n/a	S 43
925.2280000000	n/a	n/a	CueAOnset	n/a	n/a	S  1
925.5340000000	n/a	n/a	Response: CueCorr	n/a	n/a	S 37
929.7080000000	n/a	n/a	Probe_aX_onset	n/a	n/a	S 51
930.4980000000	n/a	n/a	Response: Probe_Corr	n/a	n/a	S 43
936.8040000000	n/a	n/a	CueAOnset	n/a	n/a	S  1
937.3140000000	n/a	n/a	Response: CueCorr	n/a	n/a	S 37
940.6300000000	n/a	n/a	Probe_aX_onset	n/a	n/a	S 51
941.0380000000	n/a	n/a	Response: Probe_Corr	n/a	n/a	S 43
941.9880000000	n/a	n/a	CueAOnset	n/a	n/a	S  1
942.4180000000	n/a	n/a	Response: CueCorr	n/a	n/a	S 37
946.9380000000	n/a	n/a	Probe_aX_onset	n/a	n/a	S 51
947.2820000000	n/a	n/a	Response: Probe_Corr	n/a	n/a	S 43
948.3300000000	n/a	n/a	CueAOnset	n/a	n/a	S  1
948.7940000000	n/a	n/a	Response: CueCorr	n/a	n/a	S 37
953.3140000000	n/a	n/a	Probe_aX_onset	n/a	n/a	S 51
953.6600000000	n/a	n/a	Response: Probe_Corr	n/a	n/a	S 43
954.8920000000	n/a	n/a	CueAOnset	n/a	n/a	S  1
955.3520000000	n/a	n/a	Response: CueCorr	n/a	n/a	S 37
959.0680000000	n/a	n/a	Probe_aX_onset	n/a	n/a	S 51
959.4800000000	n/a	n/a	Response: Probe_Corr	n/a	n/a	S 43
960.3600000000	n/a	n/a	STATUS	n/a	n/a	S 34
961.2280000000	n/a	n/a	Response: CueCorr	n/a	n/a	S 37
964.2540000000	n/a	n/a	Probe_bY_onset	n/a	n/a	S 84
964.8720000000	n/a	n/a	Response: Probe_Corr	n/a	n/a	S 41
965.7640000000	n/a	n/a	CueAOnset	n/a	n/a	S  1
966.1960000000	n/a	n/a	Response: CueCorr	n/a	n/a	S 37
970.2260000000	n/a	n/a	Probe_aX_onset	n/a	n/a	S 51
971.0480000000	n/a	n/a	Response: Probe_Corr	n/a	n/a	S 43
972.3740000000	n/a	n/a	STATUS	n/a	n/a	S 25
973.1440000000	n/a	n/a	Response: CueCorr	n/a	n/a	S 37
977.3240000000	n/a	n/a	STATUS	n/a	n/a	S 75
978.0680000000	n/a	n/a	Response: Probe_Corr	n/a	n/a	S 41
978.8840000000	n/a	n/a	CueAOnset	n/a	n/a	S  1
979.6320000000	n/a	n/a	Response: CueCorr	n/a	n/a	S 37
982.7100000000	n/a	n/a	Probe_aX_onset	n/a	n/a	S 51
983.0680000000	n/a	n/a	Response: Probe_Corr	n/a	n/a	S 43
984.1360000000	n/a	n/a	CueAOnset	n/a	n/a	S  1
984.6080000000	n/a	n/a	Response: CueCorr	n/a	n/a	S 37
987.3400000000	n/a	n/a	Probe_aX_onset	n/a	n/a	S 51
988.4280000000	n/a	n/a	Response: Probe_Corr	n/a	n/a	S 43
989.2860000000	n/a	n/a	CueAOnset	n/a	n/a	S  4
989.6040000000	n/a	n/a	Response: CueCorr	n/a	n/a	S 37
993.1780000000	n/a	n/a	Probe_aY_onset	n/a	n/a	S 54
993.7080000000	n/a	n/a	Response: Probe_Corr	n/a	n/a	S 41
994.9240000000	n/a	n/a	CueAOnset	n/a	n/a	S  1
995.2000000000	n/a	n/a	Response: CueCorr	n/a	n/a	S 37
999.5200000000	n/a	n/a	Probe_aX_onset	n/a	n/a	S 51
999.9920000000	n/a	n/a	Response: Probe_Corr	n/a	n/a	S 43
1000.8460000000	n/a	n/a	CueAOnset	n/a	n/a	S  1
1001.3080000000	n/a	n/a	Response: CueCorr	n/a	n/a	S 37
1004.5200000000	n/a	n/a	Probe_aX_onset	n/a	n/a	S 51
1005.2560000000	n/a	n/a	Response: Probe_Corr	n/a	n/a	S 43
1006.4340000000	n/a	n/a	CueAOnset	n/a	n/a	S  1
1006.8960000000	n/a	n/a	Response: CueCorr	n/a	n/a	S 37
1011.7680000000	n/a	n/a	Probe_aX_onset	n/a	n/a	S 51
1012.2800000000	n/a	n/a	Response: Probe_Corr	n/a	n/a	S 43
1013.5640000000	n/a	n/a	CueAOnset	n/a	n/a	S  1
1014.2480000000	n/a	n/a	Response: CueCorr	n/a	n/a	S 37
1018.4800000000	n/a	n/a	Probe_aX_onset	n/a	n/a	S 51
1018.8400000000	n/a	n/a	Response: Probe_Corr	n/a	n/a	S 43
1019.7380000000	n/a	n/a	CueAOnset	n/a	n/a	S  6
1020.0720000000	n/a	n/a	Response: CueCorr	n/a	n/a	S 37
1023.8480000000	n/a	n/a	Probe_aY_onset	n/a	n/a	S 56
1024.4160000000	n/a	n/a	Response: Probe_Corr	n/a	n/a	S 41
1025.4260000000	n/a	n/a	STATUS	n/a	n/a	S 25
1025.8960000000	n/a	n/a	Response: CueCorr	n/a	n/a	S 37
1029.3680000000	n/a	n/a	STATUS	n/a	n/a	S 75
1030.0800000000	n/a	n/a	Response: Probe_Incorr	n/a	n/a	S 44
1031.2480000000	n/a	n/a	Feedback: ProbeErr	n/a	n/a	S 45
1033.0600000000	n/a	n/a	CueAOnset	n/a	n/a	S  2
1033.4080000000	n/a	n/a	Response: CueCorr	n/a	n/a	S 37
1036.9360000000	n/a	n/a	Probe_aY_onset	n/a	n/a	S 52
1037.4400000000	n/a	n/a	Response: Probe_Corr	n/a	n/a	S 41
1038.4800000000	n/a	n/a	CueAOnset	n/a	n/a	S  1
1039.5880000000	n/a	n/a	Response: CueCorr	n/a	n/a	S 37
1043.5640000000	n/a	n/a	Probe_aX_onset	n/a	n/a	S 51
1044.0360000000	n/a	n/a	Response: Probe_Corr	n/a	n/a	S 43
1045.3080000000	n/a	n/a	STATUS	n/a	n/a	S 19
1045.9560000000	n/a	n/a	Response: CueCorr	n/a	n/a	S 37
1050.1400000000	n/a	n/a	STATUS	n/a	n/a	S 69
1050.4320000000	n/a	n/a	Response: Probe_Corr	n/a	n/a	S 41
1051.5500000000	n/a	n/a	CueAOnset	n/a	n/a	S  1
1051.8720000000	n/a	n/a	Response: CueCorr	n/a	n/a	S 37
1056.5500000000	n/a	n/a	Probe_aX_onset	n/a	n/a	S 51
1057.2320000000	n/a	n/a	Response: Probe_Corr	n/a	n/a	S 43
1058.3780000000	n/a	n/a	CueAOnset	n/a	n/a	S  1
1058.8520000000	n/a	n/a	Response: CueCorr	n/a	n/a	S 37
1063.9320000000	n/a	n/a	Probe_aX_onset	n/a	n/a	S 51
1064.6120000000	n/a	n/a	Response: Probe_Corr	n/a	n/a	S 43
1065.6760000000	n/a	n/a	CueAOnset	n/a	n/a	S  1
1066.0880000000	n/a	n/a	Response: CueCorr	n/a	n/a	S 37
1069.6020000000	n/a	n/a	Probe_aX_onset	n/a	n/a	S 51
1070.3680000000	n/a	n/a	Response: Probe_Corr	n/a	n/a	S 43
1071.1960000000	n/a	n/a	CueAOnset	n/a	n/a	S  3
1071.6760000000	n/a	n/a	Response: CueCorr	n/a	n/a	S 37
1076.0460000000	n/a	n/a	Probe_aY_onset	n/a	n/a	S 53
1076.6800000000	n/a	n/a	Response: Probe_Incorr	n/a	n/a	S 44
1077.5880000000	n/a	n/a	Feedback: ProbeErr	n/a	n/a	S 45
1079.3160000000	n/a	n/a	CueAOnset	n/a	n/a	S  1
1079.7200000000	n/a	n/a	Response: CueCorr	n/a	n/a	S 37
1084.2500000000	n/a	n/a	Probe_aX_onset	n/a	n/a	S 51
1085.0640000000	n/a	n/a	Response: Probe_Corr	n/a	n/a	S 43
1085.9440000000	n/a	n/a	CueAOnset	n/a	n/a	S  1
1086.3980000000	n/a	n/a	Response: CueCorr	n/a	n/a	S 37
1089.0320000000	n/a	n/a	Probe_aX_onset	n/a	n/a	S 51
1089.8420000000	n/a	n/a	Response: Probe_Corr	n/a	n/a	S 43
1090.8100000000	n/a	n/a	CueAOnset	n/a	n/a	S  1
1091.3380000000	n/a	n/a	Response: CueCorr	n/a	n/a	S 37
1094.7020000000	n/a	n/a	Probe_aX_onset	n/a	n/a	S 51
1095.1260000000	n/a	n/a	Response: Probe_Corr	n/a	n/a	S 43
1096.1960000000	n/a	n/a	CueAOnset	n/a	n/a	S  1
1096.5620000000	n/a	n/a	Response: CueCorr	n/a	n/a	S 37
1101.1960000000	n/a	n/a	Probe_aX_onset	n/a	n/a	S 51
1104.4840000000	n/a	n/a	Feedback: ProbeNoResp	n/a	n/a	S 46
1105.9940000000	n/a	n/a	CueBOnset	n/a	n/a	S 10
1106.6340000000	n/a	n/a	Response: CueCorr	n/a	n/a	S 37
1110.1540000000	n/a	n/a	Probe_bY_onset	n/a	n/a	S 60
1110.6700000000	n/a	n/a	Response: Probe_Corr	n/a	n/a	S 41
1111.8000000000	n/a	n/a	CueAOnset	n/a	n/a	S  6
1112.1460000000	n/a	n/a	Response: CueCorr	n/a	n/a	S 37
1115.8600000000	n/a	n/a	Probe_aY_onset	n/a	n/a	S 56
1116.5860000000	n/a	n/a	Response: Probe_Corr	n/a	n/a	S 41
1117.7060000000	n/a	n/a	CueAOnset	n/a	n/a	S  1
1118.0820000000	n/a	n/a	Response: CueCorr	n/a	n/a	S 37
1122.6040000000	n/a	n/a	Probe_aX_onset	n/a	n/a	S 51
1123.6220000000	n/a	n/a	Response: Probe_Corr	n/a	n/a	S 43
1124.7360000000	n/a	n/a	CueAOnset	n/a	n/a	S  1
1125.2540000000	n/a	n/a	Response: CueCorr	n/a	n/a	S 37
1128.2920000000	n/a	n/a	Probe_aX_onset	n/a	n/a	S 51
1128.8100000000	n/a	n/a	Response: Probe_Corr	n/a	n/a	S 43
1129.8860000000	n/a	n/a	CueAOnset	n/a	n/a	S  1
1130.3220000000	n/a	n/a	Response: CueCorr	n/a	n/a	S 37
1134.1980000000	n/a	n/a	Probe_aX_onset	n/a	n/a	S 51
1134.7620000000	n/a	n/a	Response: Probe_Corr	n/a	n/a	S 43
1135.7760000000	n/a	n/a	CueAOnset	n/a	n/a	S  1
1136.1860000000	n/a	n/a	Response: CueCorr	n/a	n/a	S 37
1139.2980000000	n/a	n/a	Probe_aX_onset	n/a	n/a	S 51
1139.7940000000	n/a	n/a	Response: Probe_Corr	n/a	n/a	S 43
1140.6740000000	n/a	n/a	CueAOnset	n/a	n/a	S  1
1141.1700000000	n/a	n/a	Response: CueCorr	n/a	n/a	S 37
1146.1440000000	n/a	n/a	Probe_aX_onset	n/a	n/a	S 51
1146.5140000000	n/a	n/a	Response: Probe_Corr	n/a	n/a	S 43
1147.4360000000	n/a	n/a	CueAOnset	n/a	n/a	S  3
1147.9700000000	n/a	n/a	Response: CueCorr	n/a	n/a	S 37
1150.7080000000	n/a	n/a	Probe_aY_onset	n/a	n/a	S 53
1151.1500000000	n/a	n/a	Response: Probe_Incorr	n/a	n/a	S 44
1152.3340000000	n/a	n/a	Feedback: ProbeErr	n/a	n/a	S 45
1153.7620000000	n/a	n/a	CueAOnset	n/a	n/a	S  1
1154.2020000000	n/a	n/a	Response: CueCorr	n/a	n/a	S 37
1157.3680000000	n/a	n/a	Probe_aX_onset	n/a	n/a	S 51
1158.0180000000	n/a	n/a	Response: Probe_Corr	n/a	n/a	S 43
1159.0960000000	n/a	n/a	CueAOnset	n/a	n/a	S  1
1159.4140000000	n/a	n/a	Response: CueCorr	n/a	n/a	S 37
1163.9960000000	n/a	n/a	Probe_aX_onset	n/a	n/a	S 51
1164.6500000000	n/a	n/a	Response: Probe_Corr	n/a	n/a	S 43
1165.6560000000	n/a	n/a	STATUS	n/a	n/a	S 19
1166.3900000000	n/a	n/a	Response: CueCorr	n/a	n/a	S 37
1170.8240000000	n/a	n/a	STATUS	n/a	n/a	S 69
1171.2580000000	n/a	n/a	Response: Probe_Corr	n/a	n/a	S 41
1172.4680000000	n/a	n/a	CueAOnset	n/a	n/a	S  1
1172.9540000000	n/a	n/a	Response: CueCorr	n/a	n/a	S 37
1177.8380000000	n/a	n/a	Probe_aX_onset	n/a	n/a	S 51
1178.3220000000	n/a	n/a	Response: Probe_Corr	n/a	n/a	S 43
1179.3140000000	n/a	n/a	STATUS	n/a	n/a	S 19
1180.1900000000	n/a	n/a	Response: CueCorr	n/a	n/a	S 37
1184.8180000000	n/a	n/a	STATUS	n/a	n/a	S 69
1187.8880000000	n/a	n/a	Feedback: ProbeNoResp	n/a	n/a	S 46
1189.4480000000	n/a	n/a	CueAOnset	n/a	n/a	S  1
1190.3940000000	n/a	n/a	Response: CueCorr	n/a	n/a	S 37
1193.6600000000	n/a	n/a	Probe_aX_onset	n/a	n/a	S 51
1194.0460000000	n/a	n/a	Response: Probe_Corr	n/a	n/a	S 43
1195.2200000000	n/a	n/a	CueAOnset	n/a	n/a	S  1
1195.6700000000	n/a	n/a	Response: CueCorr	n/a	n/a	S 37
1198.5080000000	n/a	n/a	Probe_aX_onset	n/a	n/a	S 51
1198.9500000000	n/a	n/a	Response: Probe_Corr	n/a	n/a	S 43
1200.0020000000	n/a	n/a	CueAOnset	n/a	n/a	S  1
1200.4500000000	n/a	n/a	Response: CueCorr	n/a	n/a	S 37
1205.2860000000	n/a	n/a	Probe_aX_onset	n/a	n/a	S 51
1205.6580000000	n/a	n/a	Response: Probe_Corr	n/a	n/a	S 43
1206.4780000000	n/a	n/a	CueAOnset	n/a	n/a	S  1
1206.9460000000	n/a	n/a	Response: CueCorr	n/a	n/a	S 37
1211.7300000000	n/a	n/a	Probe_aX_onset	n/a	n/a	S 51
1212.3460000000	n/a	n/a	Response: Probe_Corr	n/a	n/a	S 43
1213.2220000000	n/a	n/a	STATUS	n/a	n/a	S 29
1213.9180000000	n/a	n/a	Response: CueCorr	n/a	n/a	S 37
1218.6920000000	n/a	n/a	Probe_bY_onset	n/a	n/a	S 79
1219.5100000000	n/a	n/a	Response: Probe_Corr	n/a	n/a	S 41
1220.4700000000	n/a	n/a	CueAOnset	n/a	n/a	S  5
1220.9060000000	n/a	n/a	Response: CueCorr	n/a	n/a	S 37
1223.6920000000	n/a	n/a	Probe_aY_onset	n/a	n/a	S 55
1224.7420000000	n/a	n/a	Response: Probe_Corr	n/a	n/a	S 41
1225.6040000000	n/a	n/a	CueAOnset	n/a	n/a	S  1
1226.3620000000	n/a	n/a	Response: CueCorr	n/a	n/a	S 37
1229.2460000000	n/a	n/a	Probe_aX_onset	n/a	n/a	S 51
1229.8000000000	n/a	n/a	Response: Probe_Corr	n/a	n/a	S 43
1230.7560000000	n/a	n/a	CueAOnset	n/a	n/a	S  1
1231.3360000000	n/a	n/a	Response: CueCorr	n/a	n/a	S 37
1235.8560000000	n/a	n/a	Probe_aX_onset	n/a	n/a	S 51
1236.2080000000	n/a	n/a	Response: Probe_Corr	n/a	n/a	S 43
1237.4500000000	n/a	n/a	CueAOnset	n/a	n/a	S  1
1237.9080000000	n/a	n/a	Response: CueCorr	n/a	n/a	S 37
1241.4260000000	n/a	n/a	Probe_aX_onset	n/a	n/a	S 51
1241.8200000000	n/a	n/a	Response: Probe_Corr	n/a	n/a	S 43
1242.6680000000	n/a	n/a	CueAOnset	n/a	n/a	S  1
1243.1000000000	n/a	n/a	Response: CueCorr	n/a	n/a	S 37
1247.2320000000	n/a	n/a	Probe_aX_onset	n/a	n/a	S 51
1247.6960000000	n/a	n/a	Response: Probe_Corr	n/a	n/a	S 43
1252.8520000000	n/a	n/a	CueAOnset	n/a	n/a	S  1
1253.3640000000	n/a	n/a	Response: CueCorr	n/a	n/a	S 37
1256.8280000000	n/a	n/a	Probe_aX_onset	n/a	n/a	S 51
1257.2680000000	n/a	n/a	Response: Probe_Corr	n/a	n/a	S 43
1258.5060000000	n/a	n/a	STATUS	n/a	n/a	S 18
1259.2600000000	n/a	n/a	Response: CueCorr	n/a	n/a	S 37
1262.0460000000	n/a	n/a	Probe_bY_onset	n/a	n/a	S 68
1262.2960000000	n/a	n/a	Response: Probe_Corr	n/a	n/a	S 41
1263.3720000000	n/a	n/a	CueAOnset	n/a	n/a	S  1
1263.7760000000	n/a	n/a	Response: CueCorr	n/a	n/a	S 37
1266.9460000000	n/a	n/a	Probe_aX_onset	n/a	n/a	S 51
1267.5440000000	n/a	n/a	Response: Probe_Corr	n/a	n/a	S 43
1268.8420000000	n/a	n/a	CueAOnset	n/a	n/a	S  3
1269.3000000000	n/a	n/a	Response: CueCorr	n/a	n/a	S 37
1274.3780000000	n/a	n/a	Probe_aY_onset	n/a	n/a	S 53
1275.0360000000	n/a	n/a	Response: Probe_Corr	n/a	n/a	S 41
1276.3080000000	n/a	n/a	CueAOnset	n/a	n/a	S  1
1276.8120000000	n/a	n/a	Response: CueCorr	n/a	n/a	S 37
1281.2400000000	n/a	n/a	Probe_aX_onset	n/a	n/a	S 51
1281.7840000000	n/a	n/a	Response: Probe_Corr	n/a	n/a	S 43
1282.8520000000	n/a	n/a	CueAOnset	n/a	n/a	S  2
1283.1400000000	n/a	n/a	Response: CueCorr	n/a	n/a	S 37
1285.9720000000	n/a	n/a	Probe_aY_onset	n/a	n/a	S 52
1287.3520000000	n/a	n/a	Response: Probe_Corr	n/a	n/a	S 41
1288.5220000000	n/a	n/a	CueAOnset	n/a	n/a	S  6
1288.9560000000	n/a	n/a	Response: CueCorr	n/a	n/a	S 37
1292.2300000000	n/a	n/a	Probe_aY_onset	n/a	n/a	S 56
1293.4480000000	n/a	n/a	Response: Probe_Corr	n/a	n/a	S 41
1294.5780000000	n/a	n/a	CueBOnset	n/a	n/a	S 11
1295.3800000000	n/a	n/a	Response: CueCorr	n/a	n/a	S 37
1298.7560000000	n/a	n/a	Probe_bY_onset	n/a	n/a	S 61
1299.3800000000	n/a	n/a	Response: Probe_Corr	n/a	n/a	S 41
1300.3340000000	n/a	n/a	STATUS	n/a	n/a	S 21
1300.9240000000	n/a	n/a	Response: CueCorr	n/a	n/a	S 37
1305.3500000000	n/a	n/a	Probe_bY_onset	n/a	n/a	S 71
1308.4880000000	n/a	n/a	Feedback: ProbeNoResp	n/a	n/a	S 46
1309.9640000000	n/a	n/a	STATUS	n/a	n/a	S 20
1310.6440000000	n/a	n/a	Response: CueCorr	n/a	n/a	S 37
1313.7560000000	n/a	n/a	Probe_bY_onset	n/a	n/a	S 70
1314.2960000000	n/a	n/a	Response: Probe_Corr	n/a	n/a	S 41
1315.1820000000	n/a	n/a	STATUS	n/a	n/a	S 25
1315.7120000000	n/a	n/a	Response: CueCorr	n/a	n/a	S 37
1319.5280000000	n/a	n/a	STATUS	n/a	n/a	S 75
1319.8600000000	n/a	n/a	Response: Probe_Corr	n/a	n/a	S 41
1321.1720000000	n/a	n/a	CueAOnset	n/a	n/a	S  1
1321.6520000000	n/a	n/a	Response: CueCorr	n/a	n/a	S 37
1324.2760000000	n/a	n/a	Probe_aX_onset	n/a	n/a	S 51
1324.7160000000	n/a	n/a	Response: Probe_Corr	n/a	n/a	S 43
1325.9540000000	n/a	n/a	CueAOnset	n/a	n/a	S  5
1326.7280000000	n/a	n/a	Response: CueCorr	n/a	n/a	S 37
1331.4580000000	n/a	n/a	Probe_aY_onset	n/a	n/a	S 55
1332.7840000000	n/a	n/a	Response: Probe_Incorr	n/a	n/a	S 44
1333.9560000000	n/a	n/a	Feedback: ProbeErr	n/a	n/a	S 45
1335.7360000000	n/a	n/a	CueAOnset	n/a	n/a	S  5
1336.1120000000	n/a	n/a	Response: CueCorr	n/a	n/a	S 37
1340.6340000000	n/a	n/a	Probe_aY_onset	n/a	n/a	S 55
1341.4720000000	n/a	n/a	Response: Probe_Corr	n/a	n/a	S 41
1342.5980000000	n/a	n/a	CueAOnset	n/a	n/a	S  1
1343.0600000000	n/a	n/a	Response: CueCorr	n/a	n/a	S 37
1346.5240000000	n/a	n/a	Probe_aX_onset	n/a	n/a	S 51
1347.0720000000	n/a	n/a	Response: Probe_Corr	n/a	n/a	S 43
1347.9340000000	n/a	n/a	CueAOnset	n/a	n/a	S  1
1348.4200000000	n/a	n/a	Response: CueCorr	n/a	n/a	S 37
1351.5060000000	n/a	n/a	Probe_aX_onset	n/a	n/a	S 51
1351.9600000000	n/a	n/a	Response: Probe_Corr	n/a	n/a	S 43
1353.2860000000	n/a	n/a	CueAOnset	n/a	n/a	S  6
1353.6960000000	n/a	n/a	Response: CueCorr	n/a	n/a	S 37
1357.2120000000	n/a	n/a	Probe_aY_onset	n/a	n/a	S 56
1357.9200000000	n/a	n/a	Response: Probe_Corr	n/a	n/a	S 41
1359.1580000000	n/a	n/a	CueAOnset	n/a	n/a	S  1
1359.7160000000	n/a	n/a	Response: CueCorr	n/a	n/a	S 37
1363.8880000000	n/a	n/a	Probe_aX_onset	n/a	n/a	S 51
1365.0760000000	n/a	n/a	Response: Probe_Corr	n/a	n/a	S 43
1366.0020000000	n/a	n/a	CueAOnset	n/a	n/a	S  1
1366.4300000000	n/a	n/a	Response: CueCorr	n/a	n/a	S 37
1370.8520000000	n/a	n/a	Probe_aX_onset	n/a	n/a	S 51
1371.8580000000	n/a	n/a	Response: Probe_Corr	n/a	n/a	S 43
1373.0160000000	n/a	n/a	CueAOnset	n/a	n/a	S  1
1373.3820000000	n/a	n/a	Response: CueCorr	n/a	n/a	S 37
1377.4620000000	n/a	n/a	Probe_aX_onset	n/a	n/a	S 51
1377.8540000000	n/a	n/a	Response: Probe_Corr	n/a	n/a	S 43
1379.1400000000	n/a	n/a	CueAOnset	n/a	n/a	S  1
1379.9380000000	n/a	n/a	Response: CueCorr	n/a	n/a	S 37
1382.7640000000	n/a	n/a	Probe_aX_onset	n/a	n/a	S 51
1383.5820000000	n/a	n/a	Response: Probe_Corr	n/a	n/a	S 43
1384.6600000000	n/a	n/a	CueAOnset	n/a	n/a	S  1
1385.0780000000	n/a	n/a	Response: CueCorr	n/a	n/a	S 37
1387.8640000000	n/a	n/a	Probe_aX_onset	n/a	n/a	S 51
1388.3540000000	n/a	n/a	Response: Probe_Corr	n/a	n/a	S 43
1389.4260000000	n/a	n/a	CueAOnset	n/a	n/a	S  1
1389.8780000000	n/a	n/a	Response: CueCorr	n/a	n/a	S 37
1393.7040000000	n/a	n/a	Probe_aX_onset	n/a	n/a	S 51
1394.1940000000	n/a	n/a	Response: Probe_Corr	n/a	n/a	S 43
1395.2480000000	n/a	n/a	CueAOnset	n/a	n/a	S  5
1395.6980000000	n/a	n/a	Response: CueCorr	n/a	n/a	S 37
1399.0720000000	n/a	n/a	Probe_aY_onset	n/a	n/a	S 55
1399.7540000000	n/a	n/a	Response: Probe_Corr	n/a	n/a	S 41
1400.6660000000	n/a	n/a	CueAOnset	n/a	n/a	S  1
1401.0620000000	n/a	n/a	Response: CueCorr	n/a	n/a	S 37
1404.4760000000	n/a	n/a	Probe_aX_onset	n/a	n/a	S 51
1405.0220000000	n/a	n/a	Response: Probe_Corr	n/a	n/a	S 43
1406.0180000000	n/a	n/a	CueAOnset	n/a	n/a	S  1
1406.4940000000	n/a	n/a	Response: CueCorr	n/a	n/a	S 37
1411.4220000000	n/a	n/a	Probe_aX_onset	n/a	n/a	S 51
1412.8700000000	n/a	n/a	Response: Probe_Corr	n/a	n/a	S 43
1413.7860000000	n/a	n/a	CueAOnset	n/a	n/a	S  1
1414.2340000000	n/a	n/a	Response: CueCorr	n/a	n/a	S 37
1418.9040000000	n/a	n/a	Probe_aX_onset	n/a	n/a	S 51
1420.1940000000	n/a	n/a	Response: Probe_Corr	n/a	n/a	S 43
1421.2860000000	n/a	n/a	CueAOnset	n/a	n/a	S  1
1421.6820000000	n/a	n/a	Response: CueCorr	n/a	n/a	S 37
1426.6560000000	n/a	n/a	Probe_aX_onset	n/a	n/a	S 51
1427.3180000000	n/a	n/a	Response: Probe_Corr	n/a	n/a	S 43
1428.5020000000	n/a	n/a	CueAOnset	n/a	n/a	S  1
1429.6460000000	n/a	n/a	Response: CueCorr	n/a	n/a	S 37
1432.9640000000	n/a	n/a	Probe_aX_onset	n/a	n/a	S 51
1433.0140000000	n/a	n/a	Response: Probe_Corr	n/a	n/a	S 43
1434.1560000000	n/a	n/a	CueAOnset	n/a	n/a	S  1
1434.5820000000	n/a	n/a	Response: CueCorr	n/a	n/a	S 37
1439.0040000000	n/a	n/a	Probe_aX_onset	n/a	n/a	S 51
1439.4780000000	n/a	n/a	Response: Probe_Corr	n/a	n/a	S 43
1440.5820000000	n/a	n/a	CueAOnset	n/a	n/a	S  1
1440.9940000000	n/a	n/a	Response: CueCorr	n/a	n/a	S 37
1444.8600000000	n/a	n/a	Probe_aX_onset	n/a	n/a	S 51
1445.1980000000	n/a	n/a	Response: Probe_Corr	n/a	n/a	S 43
1446.3520000000	n/a	n/a	STATUS	n/a	n/a	S 19
1447.2900000000	n/a	n/a	Response: CueCorr	n/a	n/a	S 37
1450.4640000000	n/a	n/a	STATUS	n/a	n/a	S 69
1451.0060000000	n/a	n/a	Response: Probe_Corr	n/a	n/a	S 41
1452.2760000000	n/a	n/a	CueAOnset	n/a	n/a	S  1
1452.9660000000	n/a	n/a	Response: CueCorr	n/a	n/a	S 37
1455.6980000000	n/a	n/a	Probe_aX_onset	n/a	n/a	S 51
1457.0300000000	n/a	n/a	Response: Probe_Corr	n/a	n/a	S 43
1458.2660000000	n/a	n/a	CueAOnset	n/a	n/a	S  1
1458.7660000000	n/a	n/a	Response: CueCorr	n/a	n/a	S 37
1462.9960000000	n/a	n/a	Probe_aX_onset	n/a	n/a	S 51
1466.2020000000	n/a	n/a	Feedback: ProbeNoResp	n/a	n/a	S 46
1467.9800000000	n/a	n/a	CueAOnset	n/a	n/a	S  1
1468.4580000000	n/a	n/a	Response: CueCorr	n/a	n/a	S 37
1473.3320000000	n/a	n/a	Probe_aX_onset	n/a	n/a	S 51
1473.6940000000	n/a	n/a	Response: Probe_Corr	n/a	n/a	S 43
1474.9100000000	n/a	n/a	CueBOnset	n/a	n/a	S 11
1475.5940000000	n/a	n/a	Response: CueCorr	n/a	n/a	S 37
1479.6240000000	n/a	n/a	Probe_bY_onset	n/a	n/a	S 61
1479.9300000000	n/a	n/a	Response: Probe_Corr	n/a	n/a	S 41
1480.9500000000	n/a	n/a	CueAOnset	n/a	n/a	S  5
1481.2660000000	n/a	n/a	Response: CueCorr	n/a	n/a	S 37
1484.6400000000	n/a	n/a	Probe_aY_onset	n/a	n/a	S 55
1485.3580000000	n/a	n/a	Response: Probe_Corr	n/a	n/a	S 41
1486.3180000000	n/a	n/a	CueAOnset	n/a	n/a	S  3
1486.6700000000	n/a	n/a	Response: CueCorr	n/a	n/a	S 37
1490.7480000000	n/a	n/a	Probe_aY_onset	n/a	n/a	S 53
1491.9180000000	n/a	n/a	Response: Probe_Corr	n/a	n/a	S 41
1493.2300000000	n/a	n/a	CueAOnset	n/a	n/a	S  1
1493.5820000000	n/a	n/a	Response: CueCorr	n/a	n/a	S 37
1497.6100000000	n/a	n/a	Probe_aX_onset	n/a	n/a	S 51
1499.3620000000	n/a	n/a	Response: Probe_Corr	n/a	n/a	S 43
1500.2780000000	n/a	n/a	CueAOnset	n/a	n/a	S  1
1500.6180000000	n/a	n/a	Response: CueCorr	n/a	n/a	S 37
1505.6460000000	n/a	n/a	Probe_aX_onset	n/a	n/a	S 51
1506.3200000000	n/a	n/a	Response: Probe_Corr	n/a	n/a	S 43
1507.2400000000	n/a	n/a	CueAOnset	n/a	n/a	S  1
1507.6640000000	n/a	n/a	Response: CueCorr	n/a	n/a	S 37
1510.5960000000	n/a	n/a	Probe_aX_onset	n/a	n/a	S 51
1511.3640000000	n/a	n/a	Response: Probe_Corr	n/a	n/a	S 43
1512.3080000000	n/a	n/a	STATUS	n/a	n/a	S 31
1513.1160000000	n/a	n/a	Response: CueCorr	n/a	n/a	S 37
1516.5360000000	n/a	n/a	STATUS	n/a	n/a	S 81
1519.8400000000	n/a	n/a	Feedback: ProbeNoResp	n/a	n/a	S 46
1521.4840000000	n/a	n/a	STATUS	n/a	n/a	S 13
1522.2280000000	n/a	n/a	Response: CueCorr	n/a	n/a	S 37
1525.1100000000	n/a	n/a	Probe_bY_onset	n/a	n/a	S 63
1525.4800000000	n/a	n/a	Response: Probe_Corr	n/a	n/a	S 41
1526.3000000000	n/a	n/a	CueAOnset	n/a	n/a	S  1
1526.7200000000	n/a	n/a	Response: CueCorr	n/a	n/a	S 37
1531.3000000000	n/a	n/a	Probe_aX_onset	n/a	n/a	S 51
1531.8720000000	n/a	n/a	Response: Probe_Corr	n/a	n/a	S 43
1532.8940000000	n/a	n/a	CueAOnset	n/a	n/a	S  1
1533.2520000000	n/a	n/a	Response: CueCorr	n/a	n/a	S 37
1536.8200000000	n/a	n/a	Probe_aX_onset	n/a	n/a	S 51
1537.6360000000	n/a	n/a	Response: Probe_Corr	n/a	n/a	S 43
1538.4640000000	n/a	n/a	CueAOnset	n/a	n/a	S  1
1539.2760000000	n/a	n/a	Response: CueCorr	n/a	n/a	S 37
1542.8940000000	n/a	n/a	Probe_aX_onset	n/a	n/a	S 51
1544.4320000000	n/a	n/a	Response: Probe_Corr	n/a	n/a	S 43
1545.4940000000	n/a	n/a	CueAOnset	n/a	n/a	S  1
1545.9920000000	n/a	n/a	Response: CueCorr	n/a	n/a	S 37
1549.4540000000	n/a	n/a	Probe_aX_onset	n/a	n/a	S 51
1552.4900000000	n/a	n/a	Feedback: ProbeNoResp	n/a	n/a	S 46
1553.8660000000	n/a	n/a	CueBOnset	n/a	n/a	S  7
1554.4760000000	n/a	n/a	Response: CueCorr	n/a	n/a	S 37
1557.7420000000	n/a	n/a	Probe_bY_onset	n/a	n/a	S 57
1558.4560000000	n/a	n/a	Response: Probe_Corr	n/a	n/a	S 41
1559.5720000000	n/a	n/a	CueAOnset	n/a	n/a	S  6
1559.9600000000	n/a	n/a	Response: CueCorr	n/a	n/a	S 37
1564.1340000000	n/a	n/a	Probe_aY_onset	n/a	n/a	S 56
1564.4760000000	n/a	n/a	Response: Probe_Incorr	n/a	n/a	S 44
1565.3920000000	n/a	n/a	Feedback: ProbeErr	n/a	n/a	S 45
1567.0380000000	n/a	n/a	CueAOnset	n/a	n/a	S  1
1567.4920000000	n/a	n/a	Response: CueCorr	n/a	n/a	S 37
1570.5280000000	n/a	n/a	Probe_aX_onset	n/a	n/a	S 51
1571.2360000000	n/a	n/a	Response: Probe_Corr	n/a	n/a	S 43
1580.1400000000	n/a	n/a	STATUS	n/a	n/a	S 13
1580.7160000000	n/a	n/a	Response: CueCorr	n/a	n/a	S 37
1584.1340000000	n/a	n/a	Probe_bY_onset	n/a	n/a	S 63
1584.6720000000	n/a	n/a	Response: Probe_Corr	n/a	n/a	S 41
1585.9300000000	n/a	n/a	CueAOnset	n/a	n/a	S  1
1586.7320000000	n/a	n/a	Response: CueCorr	n/a	n/a	S 37
1591.6680000000	n/a	n/a	Probe_aX_onset	n/a	n/a	S 51
1592.0320000000	n/a	n/a	Response: Probe_Corr	n/a	n/a	S 43
1593.2620000000	n/a	n/a	CueAOnset	n/a	n/a	S  1
1593.6640000000	n/a	n/a	Response: CueCorr	n/a	n/a	S 37
1596.9360000000	n/a	n/a	Probe_aX_onset	n/a	n/a	S 51
1597.5320000000	n/a	n/a	Response: Probe_Corr	n/a	n/a	S 43
1598.5460000000	n/a	n/a	CueAOnset	n/a	n/a	S  4
1599.0240000000	n/a	n/a	Response: CueCorr	n/a	n/a	S 37
1601.7000000000	n/a	n/a	Probe_aY_onset	n/a	n/a	S 54
1603.0920000000	n/a	n/a	Response: Probe_Corr	n/a	n/a	S 41
1604.1500000000	n/a	n/a	CueAOnset	n/a	n/a	S  1
1605.3560000000	n/a	n/a	Response: CueCorr	n/a	n/a	S 37
1609.4860000000	n/a	n/a	Probe_aX_onset	n/a	n/a	S 51
1610.3160000000	n/a	n/a	Response: Probe_Corr	n/a	n/a	S 43
1611.3320000000	n/a	n/a	CueAOnset	n/a	n/a	S  1
1611.8200000000	n/a	n/a	Response: CueCorr	n/a	n/a	S 37
1615.8440000000	n/a	n/a	Probe_aX_onset	n/a	n/a	S 51
1616.3840000000	n/a	n/a	Response: Probe_Corr	n/a	n/a	S 43
1617.6740000000	n/a	n/a	STATUS	n/a	n/a	S 19
1618.3560000000	n/a	n/a	Response: CueCorr	n/a	n/a	S 37
1623.0420000000	n/a	n/a	STATUS	n/a	n/a	S 69
1623.4840000000	n/a	n/a	Response: Probe_Corr	n/a	n/a	S 41
1624.5180000000	n/a	n/a	STATUS	n/a	n/a	S 13
1625.4200000000	n/a	n/a	Response: CueCorr	n/a	n/a	S 37
1629.2500000000	n/a	n/a	Probe_bY_onset	n/a	n/a	S 63
1629.7440000000	n/a	n/a	Response: Probe_Corr	n/a	n/a	S 41
1630.9280000000	n/a	n/a	CueAOnset	n/a	n/a	S  1
1631.3200000000	n/a	n/a	Response: CueCorr	n/a	n/a	S 37
1635.5920000000	n/a	n/a	Probe_aX_onset	n/a	n/a	S 51
1635.9440000000	n/a	n/a	Response: Probe_Corr	n/a	n/a	S 43
1637.2200000000	n/a	n/a	CueAOnset	n/a	n/a	S  4
1637.6280000000	n/a	n/a	Response: CueCorr	n/a	n/a	S 37
1642.0520000000	n/a	n/a	Probe_aY_onset	n/a	n/a	S 54
1642.6320000000	n/a	n/a	Response: Probe_Corr	n/a	n/a	S 41
1643.9640000000	n/a	n/a	CueAOnset	n/a	n/a	S  1
1644.3440000000	n/a	n/a	Response: CueCorr	n/a	n/a	S 37
1647.1180000000	n/a	n/a	Probe_aX_onset	n/a	n/a	S 51
1647.5300000000	n/a	n/a	Response: Probe_Corr	n/a	n/a	S 43
1648.8140000000	n/a	n/a	CueAOnset	n/a	n/a	S  1
1649.1620000000	n/a	n/a	Response: CueCorr	n/a	n/a	S 37
1652.8740000000	n/a	n/a	Probe_aX_onset	n/a	n/a	S 51
1653.4260000000	n/a	n/a	Response: Probe_Corr	n/a	n/a	S 43
1654.6680000000	n/a	n/a	CueAOnset	n/a	n/a	S  1
1655.0540000000	n/a	n/a	Response: CueCorr	n/a	n/a	S 37
1658.4280000000	n/a	n/a	Probe_aX_onset	n/a	n/a	S 51
1658.7620000000	n/a	n/a	Response: Probe_Corr	n/a	n/a	S 43
1659.9040000000	n/a	n/a	STATUS	n/a	n/a	S 13
1660.4540000000	n/a	n/a	Response: CueCorr	n/a	n/a	S 37
1663.3440000000	n/a	n/a	Probe_bY_onset	n/a	n/a	S 63
1663.6340000000	n/a	n/a	Response: Probe_Corr	n/a	n/a	S 41
1664.5340000000	n/a	n/a	CueAOnset	n/a	n/a	S  1
1665.2580000000	n/a	n/a	Response: CueCorr	n/a	n/a	S 37
1669.7860000000	n/a	n/a	Probe_aX_onset	n/a	n/a	S 51
1670.2500000000	n/a	n/a	Response: Probe_Corr	n/a	n/a	S 43
1671.5300000000	n/a	n/a	CueAOnset	n/a	n/a	S  1
1671.9780000000	n/a	n/a	Response: CueCorr	n/a	n/a	S 37
1676.5980000000	n/a	n/a	Probe_aX_onset	n/a	n/a	S 51
1677.4660000000	n/a	n/a	Response: Probe_Corr	n/a	n/a	S 43
1678.7280000000	n/a	n/a	CueAOnset	n/a	n/a	S  1
1679.1300000000	n/a	n/a	Response: CueCorr	n/a	n/a	S 37
1682.5540000000	n/a	n/a	Probe_aX_onset	n/a	n/a	S 51
1683.3060000000	n/a	n/a	Response: Probe_Corr	n/a	n/a	S 43
1684.2140000000	n/a	n/a	CueBOnset	n/a	n/a	S  7
1684.8900000000	n/a	n/a	Response: CueCorr	n/a	n/a	S 37
1687.9060000000	n/a	n/a	Probe_bY_onset	n/a	n/a	S 57
1688.7180000000	n/a	n/a	Response: Probe_Corr	n/a	n/a	S 41
1690.0040000000	n/a	n/a	STATUS	n/a	n/a	S 19
1690.4140000000	n/a	n/a	Response: CueCorr	n/a	n/a	S 37
1694.0300000000	n/a	n/a	STATUS	n/a	n/a	S 69
1694.7420000000	n/a	n/a	Response: Probe_Corr	n/a	n/a	S 41
1695.6580000000	n/a	n/a	STATUS	n/a	n/a	S 31
1696.4300000000	n/a	n/a	Response: CueCorr	n/a	n/a	S 37
1700.8080000000	n/a	n/a	STATUS	n/a	n/a	S 81
1701.1980000000	n/a	n/a	Response: Probe_Corr	n/a	n/a	S 41
1702.1340000000	n/a	n/a	CueAOnset	n/a	n/a	S  1
1702.5980000000	n/a	n/a	Response: CueCorr	n/a	n/a	S 37
1707.1680000000	n/a	n/a	Probe_aX_onset	n/a	n/a	S 51
1707.5980000000	n/a	n/a	Response: Probe_Corr	n/a	n/a	S 43
1708.7100000000	n/a	n/a	CueAOnset	n/a	n/a	S  1
1709.1820000000	n/a	n/a	Response: CueCorr	n/a	n/a	S 37
1711.7640000000	n/a	n/a	Probe_aX_onset	n/a	n/a	S 51
1712.6060000000	n/a	n/a	Response: Probe_Corr	n/a	n/a	S 43
1713.8960000000	n/a	n/a	CueAOnset	n/a	n/a	S  1
1715.1020000000	n/a	n/a	Response: CueCorr	n/a	n/a	S 37
1718.4260000000	n/a	n/a	Probe_aX_onset	n/a	n/a	S 51
1718.8460000000	n/a	n/a	Response: Probe_Corr	n/a	n/a	S 43
1719.9520000000	n/a	n/a	CueAOnset	n/a	n/a	S  1
1720.3980000000	n/a	n/a	Response: CueCorr	n/a	n/a	S 37
1725.4220000000	n/a	n/a	Probe_aX_onset	n/a	n/a	S 51
1725.8140000000	n/a	n/a	Response: Probe_Corr	n/a	n/a	S 43
1727.0500000000	n/a	n/a	CueAOnset	n/a	n/a	S  1
1727.5260000000	n/a	n/a	Response: CueCorr	n/a	n/a	S 37
1730.2540000000	n/a	n/a	Probe_aX_onset	n/a	n/a	S 51
1730.7380000000	n/a	n/a	Response: Probe_Corr	n/a	n/a	S 43
1731.9820000000	n/a	n/a	CueAOnset	n/a	n/a	S  4
1732.4380000000	n/a	n/a	Response: CueCorr	n/a	n/a	S 37
1735.2700000000	n/a	n/a	Probe_aY_onset	n/a	n/a	S 54
1736.0020000000	n/a	n/a	Response: Probe_Corr	n/a	n/a	S 41
1736.9480000000	n/a	n/a	CueAOnset	n/a	n/a	S  1
1737.4620000000	n/a	n/a	Response: CueCorr	n/a	n/a	S 37
1742.0320000000	n/a	n/a	Probe_aX_onset	n/a	n/a	S 51
1742.3820000000	n/a	n/a	Response: Probe_Corr	n/a	n/a	S 43
1743.6420000000	n/a	n/a	CueAOnset	n/a	n/a	S  1
1743.9540000000	n/a	n/a	Response: CueCorr	n/a	n/a	S 37
1747.7200000000	n/a	n/a	Probe_aX_onset	n/a	n/a	S 51
1748.1980000000	n/a	n/a	Response: Probe_Corr	n/a	n/a	S 43
1749.1620000000	n/a	n/a	CueAOnset	n/a	n/a	S  1
1749.5980000000	n/a	n/a	Response: CueCorr	n/a	n/a	S 37
1754.4300000000	n/a	n/a	Probe_aX_onset	n/a	n/a	S 51
1755.5100000000	n/a	n/a	Response: Probe_Corr	n/a	n/a	S 43
1756.7640000000	n/a	n/a	CueAOnset	n/a	n/a	S  6
1757.4300000000	n/a	n/a	Response: CueCorr	n/a	n/a	S 37
1761.4440000000	n/a	n/a	Probe_aY_onset	n/a	n/a	S 56
1762.1140000000	n/a	n/a	Response: Probe_Corr	n/a	n/a	S 41
1763.3740000000	n/a	n/a	CueAOnset	n/a	n/a	S  1
1763.7580000000	n/a	n/a	Response: CueCorr	n/a	n/a	S 37
1767.9380000000	n/a	n/a	Probe_aX_onset	n/a	n/a	S 51
1768.4780000000	n/a	n/a	Response: Probe_Incorr	n/a	n/a	S 42
1769.6480000000	n/a	n/a	Feedback: ProbeErr	n/a	n/a	S 45
1771.0920000000	n/a	n/a	CueAOnset	n/a	n/a	S  1
1771.4980000000	n/a	n/a	Response: CueCorr	n/a	n/a	S 37
1774.5300000000	n/a	n/a	Probe_aX_onset	n/a	n/a	S 51
1775.0380000000	n/a	n/a	Response: Probe_Corr	n/a	n/a	S 43
1775.9740000000	n/a	n/a	CueAOnset	n/a	n/a	S  1
1776.4140000000	n/a	n/a	Response: CueCorr	n/a	n/a	S 37
1781.1420000000	n/a	n/a	Probe_aX_onset	n/a	n/a	S 51
1782.2860000000	n/a	n/a	Response: Probe_Corr	n/a	n/a	S 43
1783.2060000000	n/a	n/a	CueAOnset	n/a	n/a	S  1
1783.6880000000	n/a	n/a	Response: CueCorr	n/a	n/a	S 37
1787.7180000000	n/a	n/a	Probe_aX_onset	n/a	n/a	S 51
1790.6880000000	n/a	n/a	Feedback: ProbeNoResp	n/a	n/a	S 46
1792.4000000000	n/a	n/a	CueAOnset	n/a	n/a	S  5
1792.7840000000	n/a	n/a	Response: CueCorr	n/a	n/a	S 37
1796.6100000000	n/a	n/a	Probe_aY_onset	n/a	n/a	S 55
1797.2960000000	n/a	n/a	Response: Probe_Corr	n/a	n/a	S 41
1798.5400000000	n/a	n/a	CueAOnset	n/a	n/a	S  1
1798.9720000000	n/a	n/a	Response: CueCorr	n/a	n/a	S 37
1804.0600000000	n/a	n/a	Probe_aX_onset	n/a	n/a	S 51
1804.4480000000	n/a	n/a	Response: Probe_Corr	n/a	n/a	S 43
1805.2860000000	n/a	n/a	CueAOnset	n/a	n/a	S  1
1805.7120000000	n/a	n/a	Response: CueCorr	n/a	n/a	S 37
1810.7380000000	n/a	n/a	Probe_aX_onset	n/a	n/a	S 51
1811.0200000000	n/a	n/a	Response: Probe_Corr	n/a	n/a	S 43
1812.2640000000	n/a	n/a	STATUS	n/a	n/a	S 19
1812.6800000000	n/a	n/a	Response: CueCorr	n/a	n/a	S 37
1816.5100000000	n/a	n/a	STATUS	n/a	n/a	S 69
1817.3920000000	n/a	n/a	Response: Probe_Incorr	n/a	n/a	S 44
1818.3380000000	n/a	n/a	Feedback: ProbeErr	n/a	n/a	S 45
1820.0660000000	n/a	n/a	CueAOnset	n/a	n/a	S  1
1820.4680000000	n/a	n/a	Response: CueCorr	n/a	n/a	S 37
1823.9420000000	n/a	n/a	Probe_aX_onset	n/a	n/a	S 51
1824.5360000000	n/a	n/a	Response: Probe_Corr	n/a	n/a	S 43
1825.7880000000	n/a	n/a	STATUS	n/a	n/a	S 19
1826.2960000000	n/a	n/a	Response: CueCorr	n/a	n/a	S 37
1830.9220000000	n/a	n/a	STATUS	n/a	n/a	S 69
1831.1960000000	n/a	n/a	Response: Probe_Corr	n/a	n/a	S 41
1832.1140000000	n/a	n/a	CueAOnset	n/a	n/a	S  1
1832.6360000000	n/a	n/a	Response: CueCorr	n/a	n/a	S 37
1835.6700000000	n/a	n/a	Probe_aX_onset	n/a	n/a	S 51
1836.3360000000	n/a	n/a	Response: Probe_Corr	n/a	n/a	S 43
1837.2300000000	n/a	n/a	CueAOnset	n/a	n/a	S  2
1837.6400000000	n/a	n/a	Response: CueCorr	n/a	n/a	S 37
1840.5180000000	n/a	n/a	Probe_aY_onset	n/a	n/a	S 52
1841.1960000000	n/a	n/a	Response: Probe_Corr	n/a	n/a	S 41
1842.4480000000	n/a	n/a	CueAOnset	n/a	n/a	S  1
1842.7880000000	n/a	n/a	Response: CueCorr	n/a	n/a	S 37
1847.0120000000	n/a	n/a	Probe_aX_onset	n/a	n/a	S 51
1847.4120000000	n/a	n/a	Response: Probe_Corr	n/a	n/a	S 43
1848.7060000000	n/a	n/a	CueAOnset	n/a	n/a	S  1
1848.9760000000	n/a	n/a	Response: CueCorr	n/a	n/a	S 37
1851.6600000000	n/a	n/a	Probe_aX_onset	n/a	n/a	S 51
1852.1960000000	n/a	n/a	Response: Probe_Corr	n/a	n/a	S 43
1853.1200000000	n/a	n/a	STATUS	n/a	n/a	S 23
1853.4400000000	n/a	n/a	Response: CueCorr	n/a	n/a	S 37
1856.3740000000	n/a	n/a	Probe_bY_onset	n/a	n/a	S 73
1856.4560000000	n/a	n/a	Response: Probe_Corr	n/a	n/a	S 41
1857.4140000000	n/a	n/a	CueBOnset	n/a	n/a	S  7
1858.3400000000	n/a	n/a	Response: CueCorr	n/a	n/a	S 37
1862.2120000000	n/a	n/a	Probe_bY_onset	n/a	n/a	S 57
1865.2500000000	n/a	n/a	Feedback: ProbeNoResp	n/a	n/a	S 46
1866.9280000000	n/a	n/a	CueBOnset	n/a	n/a	S  7
1867.6400000000	n/a	n/a	Response: CueCorr	n/a	n/a	S 37
1871.5080000000	n/a	n/a	Probe_bY_onset	n/a	n/a	S 57
1872.0800000000	n/a	n/a	Response: Probe_Incorr	n/a	n/a	S 44
1873.1520000000	n/a	n/a	Feedback: ProbeErr	n/a	n/a	S 45
1874.6460000000	n/a	n/a	CueAOnset	n/a	n/a	S  1
1875.1600000000	n/a	n/a	Response: CueCorr	n/a	n/a	S 37
1880.1980000000	n/a	n/a	Probe_aX_onset	n/a	n/a	S 51
1880.6400000000	n/a	n/a	Response: Probe_Corr	n/a	n/a	S 43
1881.9280000000	n/a	n/a	CueAOnset	n/a	n/a	S  1
1882.3360000000	n/a	n/a	Response: CueCorr	n/a	n/a	S 37
1887.3120000000	n/a	n/a	Probe_aX_onset	n/a	n/a	S 51
1887.7120000000	n/a	n/a	Response: Probe_Corr	n/a	n/a	S 43
1888.6220000000	n/a	n/a	CueAOnset	n/a	n/a	S  1
1889.0480000000	n/a	n/a	Response: CueCorr	n/a	n/a	S 37
1893.9740000000	n/a	n/a	Probe_aX_onset	n/a	n/a	S 51
1894.9840000000	n/a	n/a	Response: Probe_Corr	n/a	n/a	S 43
